Timestamp,Flux
2024-09-20 14:57:38,1.032578329366156
2024-09-20 14:57:39,0.8542994268619772
2024-09-20 14:57:40,1.052878172440799
2024-09-20 14:57:41,0.976393221843619
2024-09-20 14:57:42,0.8978092683867804
2024-09-20 14:57:43,0.9212455453483185
2024-09-20 14:57:44,0.9092453657565587
2024-09-20 14:57:45,0.9943596125076279
2024-09-20 14:57:46,0.8175101768277621
2024-09-20 14:57:47,0.9458063718630758
2024-09-20 14:57:48,0.90631815434473
2024-09-20 14:57:49,1.024709040105254
2024-09-20 14:57:50,1.0547122802757747
2024-09-20 14:57:51,0.8416492598101073
2024-09-20 14:57:52,0.9185342599285045
2024-09-20 14:57:53,1.2033380796223825
2024-09-20 14:57:54,1.0798512069474475
2024-09-20 14:57:55,1.0621698452198043
2024-09-20 14:57:56,1.0928667931500127
2024-09-20 14:57:57,1.062461226150734
2024-09-20 14:57:58,0.9457535828583872
2024-09-20 14:57:59,1.043868825723632
2024-09-20 14:58:00,1.05628561722423
2024-09-20 14:58:01,1.0181829758529004
2024-09-20 14:58:02,0.9664789578310813
2024-09-20 14:58:03,1.1324530278266833
2024-09-20 14:58:04,1.1218983537933038
2024-09-20 14:58:05,0.8840100228371307
2024-09-20 14:58:06,1.0553801422645044
2024-09-20 14:58:07,0.9817704945690853
2024-09-20 14:58:08,0.8918119406839624
2024-09-20 14:58:09,0.947672723863371
2024-09-20 14:58:10,0.9731513480905953
2024-09-20 14:58:11,0.90884279857112
2024-09-20 14:58:12,1.015108230796798
2024-09-20 14:58:13,1.047281976148699
2024-09-20 14:58:14,0.9947376769330135
2024-09-20 14:58:15,0.7729034462840689
2024-09-20 14:58:16,1.2000507060673407
2024-09-20 14:58:17,0.9831362950302478
2024-09-20 14:58:18,0.7588304873596551
2024-09-20 14:58:19,0.8940708260809582
2024-09-20 14:58:20,0.9295613305346826
2024-09-20 14:58:21,0.93449425124618
2024-09-20 14:58:22,0.8615918730488701
2024-09-20 14:58:23,0.8828386108971658
2024-09-20 14:58:24,1.0250107224984544
2024-09-20 14:58:25,1.030911402286024
2024-09-20 14:58:26,1.070357299089747
2024-09-20 14:58:27,1.0553749191129638
2024-09-20 14:58:28,1.0173515277051117
2024-09-20 14:58:29,0.7492203973203977
2024-09-20 14:58:30,0.851309516049478
2024-09-20 14:58:31,1.1480871425552062
2024-09-20 14:58:32,1.0927253791653997
2024-09-20 14:58:33,1.0738729519705816
2024-09-20 14:58:34,0.9379214121070842
2024-09-20 14:58:35,1.0638502250234751
2024-09-20 14:58:36,0.9831368874614635
2024-09-20 14:58:37,1.1526189883100748
2024-09-20 14:58:38,1.1758628555167099
2024-09-20 14:58:39,0.9114026886444493
2024-09-20 14:58:40,1.0340425148787769
2024-09-20 14:58:41,1.0433997126437606
2024-09-20 14:58:42,1.0412035734972278
2024-09-20 14:58:43,0.9618788445955474
2024-09-20 14:58:44,1.1137012139699665
2024-09-20 14:58:45,1.0538505883363676
2024-09-20 14:58:46,1.0822602820649154
2024-09-20 14:58:47,0.9697803472950495
2024-09-20 14:58:48,0.928245346633843
2024-09-20 14:58:49,0.9427160301901399
2024-09-20 14:58:50,0.9179310240549502
2024-09-20 14:58:51,1.0083939518040346
2024-09-20 14:58:52,0.9134393740460458
2024-09-20 14:58:53,1.0224263266144522
2024-09-20 14:58:54,0.9197827292771713
2024-09-20 14:58:55,0.7768632712058142
2024-09-20 14:58:56,0.9483829822104423
2024-09-20 14:58:57,0.9597314437589319
2024-09-20 14:58:58,1.2387975592111053
2024-09-20 14:58:59,0.9763419870960988
2024-09-20 14:59:00,1.201637991624962
2024-09-20 14:59:01,0.6860345214264378
2024-09-20 14:59:02,1.02467047307562
2024-09-20 14:59:03,0.9804788146643202
2024-09-20 14:59:04,1.0516781449533497
2024-09-20 14:59:05,0.9337021432797507
2024-09-20 14:59:06,1.1185484007488926
2024-09-20 14:59:07,1.0369249850351117
2024-09-20 14:59:08,0.8446323063487848
2024-09-20 14:59:09,0.9468624255258236
2024-09-20 14:59:10,0.8225349932735374
2024-09-20 14:59:11,0.9975016826681858
2024-09-20 14:59:12,1.099953892883383
2024-09-20 14:59:13,0.9235452212049938
2024-09-20 14:59:14,1.0432899402670306
2024-09-20 14:59:15,0.9405920539237816
2024-09-20 14:59:16,0.9604388138402931
2024-09-20 14:59:17,0.9437717903867506
2024-09-20 14:59:18,0.9589244015584082
2024-09-20 14:59:19,1.1502111402995583
2024-09-20 14:59:20,0.9578247069853421
2024-09-20 14:59:21,0.9883217777201633
2024-09-20 14:59:22,1.079202863514213
2024-09-20 14:59:23,1.1414995762072566
2024-09-20 14:59:24,0.8084442497041826
2024-09-20 14:59:25,0.9626766108072308
2024-09-20 14:59:26,0.9602611119959635
2024-09-20 14:59:27,1.082553355265796
2024-09-20 14:59:28,0.9353215641575606
2024-09-20 14:59:29,1.0312878966933603
2024-09-20 14:59:30,1.0059892753418835
2024-09-20 14:59:31,0.9586194912392216
2024-09-20 14:59:32,1.0152218864858191
2024-09-20 14:59:33,0.8668855681706292
2024-09-20 14:59:34,0.9325330659257803
2024-09-20 14:59:35,0.9254608509250501
2024-09-20 14:59:36,0.9950726874136961
2024-09-20 14:59:37,1.2145982354725668
2024-09-20 14:59:38,0.964115139921925
2024-09-20 14:59:39,1.013662291654192
2024-09-20 14:59:40,0.9671275792466234
2024-09-20 14:59:41,1.1432879567860255
2024-09-20 14:59:42,0.978400726221196
2024-09-20 14:59:43,0.8143579919129075
2024-09-20 14:59:44,0.8060940316328454
2024-09-20 14:59:45,0.9824152918647416
2024-09-20 14:59:46,0.9799900078949872
2024-09-20 14:59:47,1.1022183479352337
2024-09-20 14:59:48,0.9305769037150198
2024-09-20 14:59:49,0.8552315784336612
2024-09-20 14:59:50,0.8377175090359106
2024-09-20 14:59:51,1.0187996408154343
2024-09-20 14:59:52,0.9133756720633673
2024-09-20 14:59:53,1.088010282852319
2024-09-20 14:59:54,0.9682769366376849
2024-09-20 14:59:55,1.0885196845372456
2024-09-20 14:59:56,1.0790630641287973
2024-09-20 14:59:57,0.8793335972489412
2024-09-20 14:59:58,0.8848205888951235
2024-09-20 14:59:59,1.0193737628216986
2024-09-20 15:00:00,1.0058336770012388
2024-09-20 15:00:01,0.9847405887496049
2024-09-20 15:00:02,1.078916835305622
2024-09-20 15:00:03,1.0620142979177236
2024-09-20 15:00:04,1.0675204680027075
2024-09-20 15:00:05,0.9658573113562458
2024-09-20 15:00:06,1.0707884835245984
2024-09-20 15:00:07,1.05430175668025
2024-09-20 15:00:08,0.9268153889158133
2024-09-20 15:00:09,1.0446917430459353
2024-09-20 15:00:10,0.9422285245226728
2024-09-20 15:00:11,1.0736911574177268
2024-09-20 15:00:12,1.2058154882633105
2024-09-20 15:00:13,1.059209789924498
2024-09-20 15:00:14,0.866857364035104
2024-09-20 15:00:15,0.9717579427412111
2024-09-20 15:00:16,1.117191204768233
2024-09-20 15:00:17,0.8273574870661765
2024-09-20 15:00:18,0.9701987664755518
2024-09-20 15:00:19,0.99550141759148
2024-09-20 15:00:20,1.111588713266814
2024-09-20 15:00:21,1.075795001691508
2024-09-20 15:00:22,0.8492132808435873
2024-09-20 15:00:23,0.8116430357854059
2024-09-20 15:00:24,0.936094450076073
2024-09-20 15:00:25,1.1548474405741933
2024-09-20 15:00:26,0.9217061945003922
2024-09-20 15:00:27,1.0192246940956746
2024-09-20 15:00:28,0.9758628462138755
2024-09-20 15:00:29,0.9650161435604179
2024-09-20 15:00:30,1.1551080997951857
2024-09-20 15:00:31,1.01837385888116
2024-09-20 15:00:32,0.9566200176040384
2024-09-20 15:00:33,0.9953485080921232
2024-09-20 15:00:34,0.838674010940057
2024-09-20 15:00:35,1.2368457629617693
2024-09-20 15:00:36,0.9481984127692272
2024-09-20 15:00:37,0.8548807581534914
2024-09-20 15:00:38,1.0302902112291101
2024-09-20 15:00:39,0.9909286528783469
2024-09-20 15:00:40,0.80932434864447
2024-09-20 15:00:41,1.073230480178955
2024-09-20 15:00:42,1.1354099588937367
2024-09-20 15:00:43,1.1201709959080857
2024-09-20 15:00:44,0.9792844426761484
2024-09-20 15:00:45,1.062818082966802
2024-09-20 15:00:46,1.0510389944855696
2024-09-20 15:00:47,0.932169032010008
2024-09-20 15:00:48,0.9749297532597857
2024-09-20 15:00:49,0.9849679744670237
2024-09-20 15:00:50,1.0411193746906116
2024-09-20 15:00:51,1.2086908534386154
2024-09-20 15:00:52,0.9071804333730246
2024-09-20 15:00:53,0.9518149298077815
2024-09-20 15:00:54,0.9655839205251879
2024-09-20 15:00:55,1.2473747056130333
2024-09-20 15:00:56,1.0263803541884604
2024-09-20 15:00:57,0.8806963185480512
2024-09-20 15:00:58,1.057713233487919
2024-09-20 15:00:59,1.0499558179303168
2024-09-20 15:01:00,0.9868815062994073
2024-09-20 15:01:01,0.9044700609590899
2024-09-20 15:01:02,1.1520139977881785
2024-09-20 15:01:03,1.1074200618034513
2024-09-20 15:01:04,1.0651564281131318
2024-09-20 15:01:05,1.1155706302022605
2024-09-20 15:01:06,0.9954833802868184
2024-09-20 15:01:07,1.0289155329098583
2024-09-20 15:01:08,1.098795208142543
2024-09-20 15:01:09,1.2361948412862804
2024-09-20 15:01:10,1.0947746903006088
2024-09-20 15:01:11,0.9541397919324237
2024-09-20 15:01:12,1.0393475988005365
2024-09-20 15:01:13,1.011051708103003
2024-09-20 15:01:14,1.0274008170954387
2024-09-20 15:01:15,0.9818427678591976
2024-09-20 15:01:16,1.0661523777087256
2024-09-20 15:01:17,0.8720521644897993
2024-09-20 15:01:18,1.1232213091251673
2024-09-20 15:01:19,1.0243155606842766
2024-09-20 15:01:20,0.9048132277908005
2024-09-20 15:01:21,1.0924133063066748
2024-09-20 15:01:22,1.0055525465146136
2024-09-20 15:01:23,0.9008860905461333
2024-09-20 15:01:24,1.0374487657402136
2024-09-20 15:01:25,1.0431731922106648
2024-09-20 15:01:26,0.8653404118936485
2024-09-20 15:01:27,1.0304694404907777
2024-09-20 15:01:28,1.1000755021639947
2024-09-20 15:01:29,1.0512297900581549
2024-09-20 15:01:30,0.8863199243290043
2024-09-20 15:01:31,1.1436455048791878
2024-09-20 15:01:32,1.0657624503147152
2024-09-20 15:01:33,1.0687588884044428
2024-09-20 15:01:34,1.1429017387425615
2024-09-20 15:01:35,1.0741630216662221
2024-09-20 15:01:36,1.0118057567831835
2024-09-20 15:01:37,1.1546219744134323
2024-09-20 15:01:38,0.7701139447276466
2024-09-20 15:01:39,0.9523622236729081
2024-09-20 15:01:40,1.0435455268538163
2024-09-20 15:01:41,1.098817822559788
2024-09-20 15:01:42,0.970200573849622
2024-09-20 15:01:43,0.8763398226123708
2024-09-20 15:01:44,1.0885524802088553
2024-09-20 15:01:45,1.0837050500451617
2024-09-20 15:01:46,0.9962011905799192
2024-09-20 15:01:47,0.8902038794603124
2024-09-20 15:01:48,0.8840591183512987
2024-09-20 15:01:49,0.898857795479466
2024-09-20 15:01:50,0.8601142668311226
2024-09-20 15:01:51,1.0238227736503276
2024-09-20 15:01:52,0.9372142929824429
2024-09-20 15:01:53,0.9912326343212178
2024-09-20 15:01:54,1.0104738856888997
2024-09-20 15:01:55,1.2385412622404437
2024-09-20 15:01:56,1.163830796319361
2024-09-20 15:01:57,0.9546992000096239
2024-09-20 15:01:58,0.957790101839209
2024-09-20 15:01:59,0.9935195422286317
2024-09-20 15:02:00,0.8788163800207791
2024-09-20 15:02:01,1.022362741537457
2024-09-20 15:02:02,1.0067189073216896
2024-09-20 15:02:03,0.9047221517779946
2024-09-20 15:02:04,1.0399646351168967
2024-09-20 15:02:05,1.0338621341551022
2024-09-20 15:02:06,0.9533571292172074
2024-09-20 15:02:07,1.006029344884689
2024-09-20 15:02:08,1.1272948703585735
2024-09-20 15:02:09,0.8780529454333769
2024-09-20 15:02:10,1.0581198818126638
2024-09-20 15:02:11,1.0159895358920337
2024-09-20 15:02:12,0.9734165644487279
2024-09-20 15:02:13,0.808440314496062
2024-09-20 15:02:14,1.0130011264969603
2024-09-20 15:02:15,1.0264373194211325
2024-09-20 15:02:16,0.948109119157531
2024-09-20 15:02:17,1.0556651926513287
2024-09-20 15:02:18,1.1187579222115038
2024-09-20 15:02:19,0.9337516134826247
2024-09-20 15:02:20,1.0184553568174777
2024-09-20 15:02:21,0.9511320266574953
2024-09-20 15:02:22,1.2380663443359072
2024-09-20 15:02:23,1.1244971757221014
2024-09-20 15:02:24,1.0271528486993295
2024-09-20 15:02:25,0.9803749175624491
2024-09-20 15:02:26,0.9804023695689096
2024-09-20 15:02:27,0.8665382782831879
2024-09-20 15:02:28,1.049526133095086
2024-09-20 15:02:29,0.9127347070116354
2024-09-20 15:02:30,0.907816396679213
2024-09-20 15:02:31,1.1153420837443484
2024-09-20 15:02:32,0.8077059716189007
2024-09-20 15:02:33,0.9329132900729323
2024-09-20 15:02:34,0.9623690885383525
2024-09-20 15:02:35,0.9858369259581677
2024-09-20 15:02:36,0.9984682048038462
2024-09-20 15:02:37,1.061682238611655
2024-09-20 15:02:38,0.9607236779672337
2024-09-20 15:02:39,0.9995951105187556
2024-09-20 15:02:40,1.0072686776824036
2024-09-20 15:02:41,0.8051048539353082
2024-09-20 15:02:42,0.9788582054916858
2024-09-20 15:02:43,1.1154379770639904
2024-09-20 15:02:44,0.915126808555559
2024-09-20 15:02:45,0.9390977241362349
2024-09-20 15:02:46,0.8451646486730112
2024-09-20 15:02:47,1.0837381042155316
2024-09-20 15:02:48,0.8459508472025955
2024-09-20 15:02:49,0.7911889236302041
2024-09-20 15:02:50,0.9627498498046924
2024-09-20 15:02:51,0.9455501412324321
2024-09-20 15:02:52,1.198171957980329
2024-09-20 15:02:53,0.9705905987305773
2024-09-20 15:02:54,1.069646916143084
2024-09-20 15:02:55,0.9876242446697537
2024-09-20 15:02:56,1.043351773112223
2024-09-20 15:02:57,1.0705218304953945
2024-09-20 15:02:58,1.0667301905018218
2024-09-20 15:02:59,1.1646272008434526
2024-09-20 15:03:00,0.9000995727363686
2024-09-20 15:03:01,1.1342310618169853
2024-09-20 15:03:02,1.072083901144914
2024-09-20 15:03:03,0.9354055163325783
2024-09-20 15:03:04,0.9814082888347352
2024-09-20 15:03:05,1.203078848107592
2024-09-20 15:03:06,1.0463735500862448
2024-09-20 15:03:07,0.9453555071208195
2024-09-20 15:03:08,1.1729184789639022
2024-09-20 15:03:09,0.9015334996602844
2024-09-20 15:03:10,1.1584590937485817
2024-09-20 15:03:11,1.1254101684945652
2024-09-20 15:03:12,1.1469638577002301
2024-09-20 15:03:13,1.0999373042494685
2024-09-20 15:03:14,1.0114570489562347
2024-09-20 15:03:15,0.9001043553147157
2024-09-20 15:03:16,0.998288031575096
2024-09-20 15:03:17,0.9545049892312885
2024-09-20 15:03:18,1.0947171234894184
2024-09-20 15:03:19,1.0442483773214997
2024-09-20 15:03:20,0.965497392715787
2024-09-20 15:03:21,1.1370504751835728
2024-09-20 15:03:22,0.9308216589701209
2024-09-20 15:03:23,1.1664321389000905
2024-09-20 15:03:24,0.862171527548288
2024-09-20 15:03:25,1.056150433153655
2024-09-20 15:03:26,1.0728170188995048
2024-09-20 15:03:27,0.981631529818092
2024-09-20 15:03:28,0.9220923803292214
2024-09-20 15:03:29,1.0503592617819872
2024-09-20 15:03:30,1.0013936993088155
2024-09-20 15:03:31,0.9094652220124237
2024-09-20 15:03:32,0.9316016134432009
2024-09-20 15:03:33,1.0290866123629083
2024-09-20 15:03:34,0.9805647791967507
2024-09-20 15:03:35,0.9055833135867539
2024-09-20 15:03:36,0.8433941064204636
2024-09-20 15:03:37,0.9111096910634473
2024-09-20 15:03:38,1.0282726197612104
2024-09-20 15:03:39,1.0529920247261115
2024-09-20 15:03:40,1.1063139153101906
2024-09-20 15:03:41,1.1827970649922526
2024-09-20 15:03:42,0.8597361921234389
2024-09-20 15:03:43,0.9994382136104101
2024-09-20 15:03:44,0.9370093861233374
2024-09-20 15:03:45,1.0265404192388672
2024-09-20 15:03:46,1.0910147073823766
2024-09-20 15:03:47,1.025004307309996
2024-09-20 15:03:48,1.0211337491021983
2024-09-20 15:03:49,0.8367784344512998
2024-09-20 15:03:50,0.8233675303927702
2024-09-20 15:03:51,1.092315499334014
2024-09-20 15:03:52,0.9423817339261296
2024-09-20 15:03:53,1.0527421731000808
2024-09-20 15:03:54,1.0448494391352763
2024-09-20 15:03:55,0.9061688920829867
2024-09-20 15:03:56,0.9076418643209032
2024-09-20 15:03:57,0.8416127083678699
2024-09-20 15:03:58,0.9878319014765327
2024-09-20 15:03:59,1.092668138270087
2024-09-20 15:04:00,0.9643771484917162
2024-09-20 15:04:01,1.0954009513007148
2024-09-20 15:04:02,1.1068905684202361
2024-09-20 15:04:03,0.9256297404846309
2024-09-20 15:04:04,1.0748999402908597
2024-09-20 15:04:05,0.9403786336978409
2024-09-20 15:04:06,1.2090159098456168
2024-09-20 15:04:07,1.0337307966968146
2024-09-20 15:04:08,0.9630518100996784
2024-09-20 15:04:09,0.9207505853195042
2024-09-20 15:04:10,0.8779816222812812
2024-09-20 15:04:11,0.9894159030322492
2024-09-20 15:04:12,1.0197767335769035
2024-09-20 15:04:13,0.8811603544062758
2024-09-20 15:04:14,1.002607539029561
2024-09-20 15:04:15,1.1003495107239358
2024-09-20 15:04:16,1.0809768646953817
2024-09-20 15:04:17,1.06280496156568
2024-09-20 15:04:18,0.8274057264801121
2024-09-20 15:04:19,1.1312111281243846
2024-09-20 15:04:20,1.0866565379472
2024-09-20 15:04:21,1.1199266114839266
2024-09-20 15:04:22,1.1530181292890336
2024-09-20 15:04:23,1.2156151834033817
2024-09-20 15:04:24,0.9865205853459683
2024-09-20 15:04:25,0.9364037978709018
2024-09-20 15:04:26,1.0227356946108976
2024-09-20 15:04:27,0.9900947178226503
2024-09-20 15:04:28,0.9852089588530963
2024-09-20 15:04:29,1.092265753050111
2024-09-20 15:04:30,1.0642549087745483
2024-09-20 15:04:31,1.1704254048780285
2024-09-20 15:04:32,0.9195853446781861
2024-09-20 15:04:33,0.9679983939188129
2024-09-20 15:04:34,0.9609610076238715
2024-09-20 15:04:35,0.8743984994168423
2024-09-20 15:04:36,1.007566502289087
2024-09-20 15:04:37,0.9019048450426466
2024-09-20 15:04:38,0.9861687202753975
2024-09-20 15:04:39,1.2210110202760731
2024-09-20 15:04:40,0.825782936242584
2024-09-20 15:04:41,0.9282951021774233
2024-09-20 15:04:42,1.050140337527342
2024-09-20 15:04:43,1.1029207372460055
2024-09-20 15:04:44,1.0304949778567545
2024-09-20 15:04:45,0.9002981921009893
2024-09-20 15:04:46,0.8389243976977464
2024-09-20 15:04:47,0.8496006717757815
2024-09-20 15:04:48,0.9828871676784446
2024-09-20 15:04:49,1.1942005638095683
2024-09-20 15:04:50,1.0213073387676295
2024-09-20 15:04:51,0.88240068827245
2024-09-20 15:04:52,0.9806827115978861
2024-09-20 15:04:53,0.9015392773340026
2024-09-20 15:04:54,1.1390464462958667
2024-09-20 15:04:55,1.0470997707438938
2024-09-20 15:04:56,1.0952052491029032
2024-09-20 15:04:57,0.8796335124026023
2024-09-20 15:04:58,0.8968564311396086
2024-09-20 15:04:59,0.9627656926274607
2024-09-20 15:05:00,0.9511680110448716
2024-09-20 15:05:01,0.8869340776681336
2024-09-20 15:05:02,0.8988620198462786
2024-09-20 15:05:03,1.0586973035227358
2024-09-20 15:05:04,0.921724053474221
2024-09-20 15:05:05,0.9860329849612017
2024-09-20 15:05:06,1.0421113808188158
2024-09-20 15:05:07,0.8997309863204046
2024-09-20 15:05:08,0.7561628321855749
2024-09-20 15:05:09,0.7773599973218988
2024-09-20 15:05:10,0.6838720169236051
2024-09-20 15:05:11,0.9322848201861624
2024-09-20 15:05:12,0.7929507033227706
2024-09-20 15:05:13,0.7477786246900997
2024-09-20 15:05:14,0.7714185209145641
2024-09-20 15:05:15,0.8237791042177319
2024-09-20 15:05:16,0.8420419491076401
2024-09-20 15:05:17,0.6455958485745354
2024-09-20 15:05:18,0.8478695525622251
2024-09-20 15:05:19,0.747294489193946
2024-09-20 15:05:20,0.8809745022451871
2024-09-20 15:05:21,0.8870914200393591
2024-09-20 15:05:22,0.9063387039767933
2024-09-20 15:05:23,0.8907864857801493
2024-09-20 15:05:24,0.698009949566381
2024-09-20 15:05:25,0.6965099814108691
2024-09-20 15:05:26,0.7961742081292655
2024-09-20 15:05:27,0.7453422923979232
2024-09-20 15:05:28,0.6024994300307207
2024-09-20 15:05:29,0.8679058565396089
2024-09-20 15:05:30,0.7930625454281995
2024-09-20 15:05:31,0.8346425732740667
2024-09-20 15:05:32,0.8418185094976347
2024-09-20 15:05:33,0.779734022313193
2024-09-20 15:05:34,0.889128623177741
2024-09-20 15:05:35,0.8009733019139909
2024-09-20 15:05:36,0.81695211494293
2024-09-20 15:05:37,0.636272319460197
2024-09-20 15:05:38,0.8361746572093776
2024-09-20 15:05:39,0.7645289064198046
2024-09-20 15:05:40,0.6511270068035627
2024-09-20 15:05:41,0.8166348613513762
2024-09-20 15:05:42,0.8541451905998105
2024-09-20 15:05:43,0.8662222960927493
2024-09-20 15:05:44,0.5871582571033851
2024-09-20 15:05:45,0.8011161442311632
2024-09-20 15:05:46,0.8970366156111048
2024-09-20 15:05:47,0.7964314152927726
2024-09-20 15:05:48,0.7006212605708517
2024-09-20 15:05:49,0.8557981833699727
2024-09-20 15:05:50,0.7768211646705074
2024-09-20 15:05:51,0.8181196777521444
2024-09-20 15:05:52,0.8386306315893512
2024-09-20 15:05:53,0.6676108697941819
2024-09-20 15:05:54,0.8236472195490739
2024-09-20 15:05:55,0.7459946631806726
2024-09-20 15:05:56,0.8618895813022805
2024-09-20 15:05:57,0.5856949639231788
2024-09-20 15:05:58,0.7098637239525011
2024-09-20 15:05:59,0.803302700635366
2024-09-20 15:06:00,0.7533003479482415
2024-09-20 15:06:01,0.5182424648044628
2024-09-20 15:06:02,0.9010364864890302
2024-09-20 15:06:03,0.7478007691654683
2024-09-20 15:06:04,0.8377728619895524
2024-09-20 15:06:05,0.6501093586945655
2024-09-20 15:06:06,0.6954530718253503
2024-09-20 15:06:07,0.7146107808464727
2024-09-20 15:06:08,0.7782400193870701
2024-09-20 15:06:09,0.9483957707989442
2024-09-20 15:06:10,0.7231488487573456
2024-09-20 15:06:11,0.8314429039998491
2024-09-20 15:06:12,0.8371581663168458
2024-09-20 15:06:13,0.82473098657374
2024-09-20 15:06:14,0.897275196896055
2024-09-20 15:06:15,0.8332578579709814
2024-09-20 15:06:16,0.8556123104355219
2024-09-20 15:06:17,0.798831835618424
2024-09-20 15:06:18,0.6463357201193464
2024-09-20 15:06:19,0.7927274502577287
2024-09-20 15:06:20,0.8598990704933909
2024-09-20 15:06:21,0.7724897851215565
2024-09-20 15:06:22,0.6894173612444023
2024-09-20 15:06:23,0.8292717939477139
2024-09-20 15:06:24,0.6358479429025528
2024-09-20 15:06:25,0.7770838175212218
2024-09-20 15:06:26,0.777439692488873
2024-09-20 15:06:27,0.782718685699134
2024-09-20 15:06:28,0.7946392075555857
2024-09-20 15:06:29,0.9563221337749764
2024-09-20 15:06:30,0.9080911938949021
2024-09-20 15:06:31,0.8424336439658056
2024-09-20 15:06:32,0.8381275516137736
2024-09-20 15:06:33,0.8087867743747778
2024-09-20 15:06:34,0.7539532722807879
2024-09-20 15:06:35,0.7138242930042684
2024-09-20 15:06:36,0.6458847871557571
2024-09-20 15:06:37,0.8319392267508536
2024-09-20 15:06:38,0.6478313450194217
2024-09-20 15:06:39,0.7889959298822404
2024-09-20 15:06:40,0.9392895991642566
2024-09-20 15:06:41,0.7345519314889034
2024-09-20 15:06:42,0.8082293019911074
2024-09-20 15:06:43,0.9075155056078629
2024-09-20 15:06:44,0.7459551451521047
2024-09-20 15:06:45,0.8554617832599787
2024-09-20 15:06:46,1.0009077726868445
2024-09-20 15:06:47,0.883863828435426
2024-09-20 15:06:48,1.0369435961908386
2024-09-20 15:06:49,1.0222105973277746
2024-09-20 15:06:50,1.0273918626849032
2024-09-20 15:06:51,0.9065250015189998
2024-09-20 15:06:52,0.932132745909238
2024-09-20 15:06:53,0.8596702845622556
2024-09-20 15:06:54,0.8587219562237876
2024-09-20 15:06:55,1.0639330231934476
2024-09-20 15:06:56,1.1129926606784304
2024-09-20 15:06:57,1.0090027066959018
2024-09-20 15:06:58,0.8897484634115855
2024-09-20 15:06:59,0.8899827223961724
2024-09-20 15:07:00,0.9968104987981693
2024-09-20 15:07:01,1.009096246783813
2024-09-20 15:07:02,0.9393127535238036
2024-09-20 15:07:03,1.169172208542335
2024-09-20 15:07:04,1.072575606907236
2024-09-20 15:07:05,1.0062561322979766
2024-09-20 15:07:06,1.0410005403763771
2024-09-20 15:07:07,1.0191126279002694
2024-09-20 15:07:08,0.8788045346951536
2024-09-20 15:07:09,0.8551303856457763
2024-09-20 15:07:10,0.9359652413939322
2024-09-20 15:07:11,0.8242697823800499
2024-09-20 15:07:12,1.113260868134769
2024-09-20 15:07:13,1.0608467510929929
2024-09-20 15:07:14,1.041334979563727
2024-09-20 15:07:15,0.9619841124058759
2024-09-20 15:07:16,0.9613056373010122
2024-09-20 15:07:17,0.9464736277243141
2024-09-20 15:07:18,0.9431905646018692
2024-09-20 15:07:19,0.963979867095617
2024-09-20 15:07:20,0.912535333987196
2024-09-20 15:07:21,0.9396570224036238
2024-09-20 15:07:22,1.0504177269458375
2024-09-20 15:07:23,1.0319388436545005
2024-09-20 15:07:24,1.1009970005456549
2024-09-20 15:07:25,1.0204484139450332
2024-09-20 15:07:26,0.9718955641793652
2024-09-20 15:07:27,0.944820011950855
2024-09-20 15:07:28,1.1310888024667445
2024-09-20 15:07:29,0.9533087454237001
2024-09-20 15:07:30,1.0201872925885902
2024-09-20 15:07:31,0.7913444443817348
2024-09-20 15:07:32,1.0545360053432502
2024-09-20 15:07:33,0.9136137320018597
2024-09-20 15:07:34,0.9045716461602464
2024-09-20 15:07:35,1.081093011039782
2024-09-20 15:07:36,0.9928350367956317
2024-09-20 15:07:37,0.9623492682272953
2024-09-20 15:07:38,1.039255118484669
2024-09-20 15:07:39,0.962525474956959
2024-09-20 15:07:40,1.1476977384577172
2024-09-20 15:07:41,1.092246099558055
2024-09-20 15:07:42,1.208543266683466
2024-09-20 15:07:43,1.0797264899202317
2024-09-20 15:07:44,0.8789789611917741
2024-09-20 15:07:45,0.8732379572538758
2024-09-20 15:07:46,1.0462409801242174
2024-09-20 15:07:47,1.145613386666646
2024-09-20 15:07:48,1.10463229100603
2024-09-20 15:07:49,1.179135384564597
2024-09-20 15:07:50,0.9765780675087428
2024-09-20 15:07:51,1.0112364325347238
2024-09-20 15:07:52,1.0048107829475206
2024-09-20 15:07:53,0.9687092190583143
2024-09-20 15:07:54,1.16497834933148
2024-09-20 15:07:55,0.9546867905927916
2024-09-20 15:07:56,1.0854302591496459
2024-09-20 15:07:57,0.9889313114093035
2024-09-20 15:07:58,1.0022164474418949
2024-09-20 15:07:59,0.9807298331774396
2024-09-20 15:08:00,0.9491456103588564
2024-09-20 15:08:01,0.898978526643435
2024-09-20 15:08:02,1.2128946824998743
2024-09-20 15:08:03,0.9463631139529497
2024-09-20 15:08:04,0.7201280417021907
2024-09-20 15:08:05,0.9686863205554666
2024-09-20 15:08:06,1.1361623184458813
2024-09-20 15:08:07,0.8947877605838304
2024-09-20 15:08:08,1.094396584996913
2024-09-20 15:08:09,1.0379454071824576
2024-09-20 15:08:10,1.001183440470592
2024-09-20 15:08:11,1.1332008913143705
2024-09-20 15:08:12,0.936600010261217
2024-09-20 15:08:13,0.9761428518698576
2024-09-20 15:08:14,1.077232822983798
2024-09-20 15:08:15,1.028391179119104
2024-09-20 15:08:16,0.887107565232129
2024-09-20 15:08:17,1.209086105656163
2024-09-20 15:08:18,1.0927443028476678
2024-09-20 15:08:19,0.936621039065598
2024-09-20 15:08:20,1.1630710782442941
2024-09-20 15:08:21,1.0117145645610068
2024-09-20 15:08:22,1.0123485786325102
2024-09-20 15:08:23,0.9373184085693989
2024-09-20 15:08:24,0.9841448147673534
2024-09-20 15:08:25,0.9101180361408415
2024-09-20 15:08:26,1.0665255116508512
2024-09-20 15:08:27,0.9467999687120264
2024-09-20 15:08:28,1.065322067845748
2024-09-20 15:08:29,1.0439545822406178
2024-09-20 15:08:30,0.9445768571040642
2024-09-20 15:08:31,0.9126006620590477
2024-09-20 15:08:32,0.9690351460825333
2024-09-20 15:08:33,1.1110574243999503
2024-09-20 15:08:34,0.8923723872740459
2024-09-20 15:08:35,1.0728013100403817
2024-09-20 15:08:36,1.068506729762239
2024-09-20 15:08:37,0.9775614783748751
2024-09-20 15:08:38,1.0313516055547665
2024-09-20 15:08:39,1.1074030784747733
2024-09-20 15:08:40,0.9260496291241869
2024-09-20 15:08:41,0.8516262407882903
2024-09-20 15:08:42,1.0492560494516356
2024-09-20 15:08:43,0.9503325603149884
2024-09-20 15:08:44,1.0439707182364646
2024-09-20 15:08:45,1.04012366095986
2024-09-20 15:08:46,1.088690439595931
2024-09-20 15:08:47,0.9197588687720899
2024-09-20 15:08:48,1.0099949623375215
2024-09-20 15:08:49,1.1088693195845536
2024-09-20 15:08:50,1.0080879274383017
2024-09-20 15:08:51,0.7557044151443761
2024-09-20 15:08:52,0.9912702306578898
2024-09-20 15:08:53,0.920073669647259
2024-09-20 15:08:54,0.9773056560515812
2024-09-20 15:08:55,0.6644715674927875
2024-09-20 15:08:56,1.0214178124815174
2024-09-20 15:08:57,1.1452654805488374
2024-09-20 15:08:58,1.1126010231104708
2024-09-20 15:08:59,0.8381586713686415
2024-09-20 15:09:00,1.0087045694757597
2024-09-20 15:09:01,0.950328778954192
2024-09-20 15:09:02,0.9646343295423492
2024-09-20 15:09:03,1.0627842090215283
2024-09-20 15:09:04,1.0647026071803927
2024-09-20 15:09:05,0.9016296678091321
2024-09-20 15:09:06,1.150638730252884
2024-09-20 15:09:07,1.004316412423918
2024-09-20 15:09:08,0.9879174489777024
2024-09-20 15:09:09,0.8739643369901765
2024-09-20 15:09:10,0.7683914783695796
2024-09-20 15:09:11,1.074376221873985
2024-09-20 15:09:12,0.9714935652078426
2024-09-20 15:09:13,0.8845096969383972
2024-09-20 15:09:14,0.9716789368191161
2024-09-20 15:09:15,1.1478460548189715
2024-09-20 15:09:16,0.9638141189668205
2024-09-20 15:09:17,0.768807872234543
2024-09-20 15:09:18,0.9443543427915425
2024-09-20 15:09:19,1.0296461239174675
2024-09-20 15:09:20,1.1040036992391293
2024-09-20 15:09:21,1.1252019740665669
2024-09-20 15:09:22,0.8938698516926613
2024-09-20 15:09:23,1.0803367279104772
2024-09-20 15:09:24,1.0500803880979086
2024-09-20 15:09:25,0.9879105836702419
2024-09-20 15:09:26,0.9668565748075758
2024-09-20 15:09:27,1.0006779184993035
2024-09-20 15:09:28,1.0973557739094268
2024-09-20 15:09:29,0.908829214984762
2024-09-20 15:09:30,0.9110051593147411
2024-09-20 15:09:31,0.9818065344592858
2024-09-20 15:09:32,0.9529055807104925
2024-09-20 15:09:33,1.062706330722161
2024-09-20 15:09:34,0.8766711277546947
2024-09-20 15:09:35,0.8960101304069832
2024-09-20 15:09:36,1.0047888033441992
2024-09-20 15:09:37,0.9385204388480322
2024-09-20 15:09:38,0.9053439254109397
2024-09-20 15:09:39,0.9710448328625693
2024-09-20 15:09:40,0.9918857101033846
2024-09-20 15:09:41,0.9814850453028433
2024-09-20 15:09:42,1.17567122295526
2024-09-20 15:09:43,0.9819564900743847
2024-09-20 15:09:44,0.9584384770002784
2024-09-20 15:09:45,1.023571568124552
2024-09-20 15:09:46,0.9897199038284067
2024-09-20 15:09:47,1.0062543223985099
2024-09-20 15:09:48,1.0035951748547443
2024-09-20 15:09:49,1.0166003486061608
2024-09-20 15:09:50,0.944325841724301
2024-09-20 15:09:51,1.1149739209755758
2024-09-20 15:09:52,0.9836479067860411
2024-09-20 15:09:53,0.9031009012263037
2024-09-20 15:09:54,0.9149469654083827
2024-09-20 15:09:55,1.0169512269671388
2024-09-20 15:09:56,1.159734749444647
2024-09-20 15:09:57,0.9787168124493733
2024-09-20 15:09:58,0.9420056304319961
2024-09-20 15:09:59,1.045048872986279
2024-09-20 15:10:00,0.987343337896888
2024-09-20 15:10:01,0.846513317805512
2024-09-20 15:10:02,0.9879459870070696
2024-09-20 15:10:03,1.1513256144370962
2024-09-20 15:10:04,0.992125084239158
2024-09-20 15:10:05,1.230070375954897
2024-09-20 15:10:06,0.9391047774021051
2024-09-20 15:10:07,0.8660850339062509
2024-09-20 15:10:08,1.057132053871365
2024-09-20 15:10:09,1.0916411750223065
2024-09-20 15:10:10,0.9690649737585918
2024-09-20 15:10:11,1.079685275861395
2024-09-20 15:10:12,1.0520344640214994
2024-09-20 15:10:13,0.9909761388474019
2024-09-20 15:10:14,0.9457110603844665
2024-09-20 15:10:15,1.1263910017431584
2024-09-20 15:10:16,0.9366866637094683
2024-09-20 15:10:17,0.8068656653365617
2024-09-20 15:10:18,1.0358311376758282
2024-09-20 15:10:19,0.9322091495609689
2024-09-20 15:10:20,1.0016320154572569
2024-09-20 15:10:21,1.074522638740546
2024-09-20 15:10:22,0.9829162902944171
2024-09-20 15:10:23,1.0738918743296804
2024-09-20 15:10:24,1.1941767236666359
2024-09-20 15:10:25,1.0095031338000209
2024-09-20 15:10:26,1.1609009567848854
2024-09-20 15:10:27,1.003346778852386
2024-09-20 15:10:28,1.2515558996965266
2024-09-20 15:10:29,0.8505563631989403
2024-09-20 15:10:30,0.9903914400876346
2024-09-20 15:10:31,1.0959959574846982
2024-09-20 15:10:32,1.1811559666173599
2024-09-20 15:10:33,0.8939250652275494
2024-09-20 15:10:34,0.9521062113064459
2024-09-20 15:10:35,1.0056008075823
2024-09-20 15:10:36,1.1097971485813893
2024-09-20 15:10:37,0.86949021308384
2024-09-20 15:10:38,0.9711674393932348
2024-09-20 15:10:39,0.9347418820958395
2024-09-20 15:10:40,0.8294770598780783
2024-09-20 15:10:41,1.1699550672058
2024-09-20 15:10:42,0.9048386152958184
2024-09-20 15:10:43,1.2259602987867335
2024-09-20 15:10:44,1.0148133750970112
2024-09-20 15:10:45,0.9400789206607219
2024-09-20 15:10:46,0.7975429408751176
2024-09-20 15:10:47,1.0194381305014164
2024-09-20 15:10:48,1.041458095246387
2024-09-20 15:10:49,1.0413905982855607
2024-09-20 15:10:50,1.0954159712146554
2024-09-20 15:10:51,0.9430615625103527
2024-09-20 15:10:52,1.0417927310380972
2024-09-20 15:10:53,1.0673117211524894
2024-09-20 15:10:54,0.9348858246414063
2024-09-20 15:10:55,1.0987958822069426
2024-09-20 15:10:56,0.9340673272728653
2024-09-20 15:10:57,1.0003619177163907
2024-09-20 15:10:58,1.0732465153228472
2024-09-20 15:10:59,1.0148131966991651
2024-09-20 15:11:00,1.0258389561198227
2024-09-20 15:11:01,0.9728078008382308
2024-09-20 15:11:02,0.9176535929350197
2024-09-20 15:11:03,1.1754535363848313
2024-09-20 15:11:04,1.0980875140882964
2024-09-20 15:11:05,1.0487639838604637
2024-09-20 15:11:06,1.0152092730430453
2024-09-20 15:11:07,0.9738112449484306
2024-09-20 15:11:08,0.7933019020619221
2024-09-20 15:11:09,1.0428215924243056
2024-09-20 15:11:10,1.0839820066112835
2024-09-20 15:11:11,1.0242478764896088
2024-09-20 15:11:12,0.8391221820060171
2024-09-20 15:11:13,1.1312083676792288
2024-09-20 15:11:14,0.921566690709873
2024-09-20 15:11:15,0.8841753176602756
2024-09-20 15:11:16,1.120944816170785
2024-09-20 15:11:17,1.0382862530898864
2024-09-20 15:11:18,1.031850041896292
2024-09-20 15:11:19,0.9573632151583626
2024-09-20 15:11:20,1.0229788537691618
2024-09-20 15:11:21,1.2203308757285778
2024-09-20 15:11:22,1.0673247851871805
2024-09-20 15:11:23,0.8387322690589263
2024-09-20 15:11:24,0.9194603555600377
2024-09-20 15:11:25,0.8813661611911849
2024-09-20 15:11:26,0.9849381007422655
2024-09-20 15:11:27,1.1305532598141996
2024-09-20 15:11:28,0.9669991604183589
2024-09-20 15:11:29,1.125135947791822
2024-09-20 15:11:30,0.9344568470748671
2024-09-20 15:11:31,1.0099342338077766
2024-09-20 15:11:32,1.0336465883863464
2024-09-20 15:11:33,0.8244841133511425
2024-09-20 15:11:34,0.9959941195330513
2024-09-20 15:11:35,1.0307311763252518
2024-09-20 15:11:36,0.817904265771198
2024-09-20 15:11:37,1.0058282623926653
2024-09-20 15:11:38,0.9954494261970983
2024-09-20 15:11:39,1.0498631845592044
2024-09-20 15:11:40,1.0920207898256706
2024-09-20 15:11:41,1.0439471702800558
2024-09-20 15:11:42,0.9669597621141439
2024-09-20 15:11:43,0.958645750614024
2024-09-20 15:11:44,0.9563078239215679
2024-09-20 15:11:45,1.1635379016372562
2024-09-20 15:11:46,0.9104804320326382
2024-09-20 15:11:47,0.9398823643446895
2024-09-20 15:11:48,1.1171441903208938
2024-09-20 15:11:49,0.9492802537555418
2024-09-20 15:11:50,1.0213005559999322
2024-09-20 15:11:51,1.1256306002374328
2024-09-20 15:11:52,0.9949840899175453
2024-09-20 15:11:53,1.145511599854923
2024-09-20 15:11:54,1.0980112010517389
2024-09-20 15:11:55,0.8562866113888591
2024-09-20 15:11:56,0.9107796453075903
2024-09-20 15:11:57,1.1325081488963278
2024-09-20 15:11:58,0.9161907901330549
2024-09-20 15:11:59,0.8596720495608715
2024-09-20 15:12:00,0.9772854475058806
2024-09-20 15:12:01,1.05956671728793
2024-09-20 15:12:02,0.8912497865386815
2024-09-20 15:12:03,1.0650969413619256
2024-09-20 15:12:04,1.1747703355350805
2024-09-20 15:12:05,0.7670257086102137
2024-09-20 15:12:06,0.903822433696179
2024-09-20 15:12:07,1.000018738361898
2024-09-20 15:12:08,0.8762896571101314
2024-09-20 15:12:09,0.9527941117669675
2024-09-20 15:12:10,0.9717444415919941
2024-09-20 15:12:11,1.1004437870197663
2024-09-20 15:12:12,0.8666656326337396
2024-09-20 15:12:13,0.9433752698248058
2024-09-20 15:12:14,1.0013681644486025
2024-09-20 15:12:15,0.9705232587291668
2024-09-20 15:12:16,0.8989096130903003
2024-09-20 15:12:17,1.0464071863195568
2024-09-20 15:12:18,1.0364259158427458
2024-09-20 15:12:19,1.0238236212019267
2024-09-20 15:12:20,0.9993512166757045
2024-09-20 15:12:21,0.9264118657067679
2024-09-20 15:12:22,0.949248979828667
2024-09-20 15:12:23,1.0404966910523543
2024-09-20 15:12:24,0.9980284008735576
2024-09-20 15:12:25,0.7888418924351092
2024-09-20 15:12:26,1.0828744360309077
2024-09-20 15:12:27,1.1413796872567856
2024-09-20 15:12:28,0.9597135701650782
2024-09-20 15:12:29,1.0262564247962833
2024-09-20 15:12:30,1.056479152841269
2024-09-20 15:12:31,1.0666335433280956
2024-09-20 15:12:32,1.092822060889608
2024-09-20 15:12:33,1.0051984312921578
2024-09-20 15:12:34,1.1785480481621295
2024-09-20 15:12:35,1.0314298164792368
2024-09-20 15:12:36,1.1778986930909083
2024-09-20 15:12:37,0.9197898894976063
2024-09-20 15:12:38,1.1060732319573947
2024-09-20 15:12:39,1.0000666642229956
2024-09-20 15:12:40,1.0055851896405297
2024-09-20 15:12:41,0.8734964791002805
2024-09-20 15:12:42,1.129602224716991
2024-09-20 15:12:43,1.0417302476250199
2024-09-20 15:12:44,0.9050817418561068
2024-09-20 15:12:45,0.8766759557756443
2024-09-20 15:12:46,1.017632655603965
2024-09-20 15:12:47,1.0249973663862977
2024-09-20 15:12:48,1.0713282273540967
2024-09-20 15:12:49,0.8738652068085331
2024-09-20 15:12:50,1.0201368399402841
2024-09-20 15:12:51,1.0136619516374266
2024-09-20 15:12:52,0.977263855944993
2024-09-20 15:12:53,1.1324279079809834
2024-09-20 15:12:54,0.9869176097009655
2024-09-20 15:12:55,0.8702348962804649
2024-09-20 15:12:56,1.1226199827973842
2024-09-20 15:12:57,0.8781843122241739
2024-09-20 15:12:58,1.0081180954063067
2024-09-20 15:12:59,1.0324691295855797
2024-09-20 15:13:00,0.9413066574705735
2024-09-20 15:13:01,1.2108836250827424
2024-09-20 15:13:02,1.0127940283270152
2024-09-20 15:13:03,1.102257312035705
2024-09-20 15:13:04,1.197849612391715
2024-09-20 15:13:05,0.9326036952343995
2024-09-20 15:13:06,0.9644900390248323
2024-09-20 15:13:07,1.132182435892363
2024-09-20 15:13:08,0.9986689985560468
2024-09-20 15:13:09,0.9842749860044636
2024-09-20 15:13:10,1.1001197110267422
2024-09-20 15:13:11,0.9077419240662006
2024-09-20 15:13:12,1.039555479329857
2024-09-20 15:13:13,0.969035613678711
2024-09-20 15:13:14,1.1192192576210225
2024-09-20 15:13:15,0.8856976743099432
2024-09-20 15:13:16,1.0375745868712245
2024-09-20 15:13:17,0.9895297912888913
2024-09-20 15:13:18,1.0101998171986932
2024-09-20 15:13:19,0.8499150809982078
2024-09-20 15:13:20,1.0382119338969176
2024-09-20 15:13:21,0.984517830888192
2024-09-20 15:13:22,1.0159371514335083
2024-09-20 15:13:23,1.0608527538794525
2024-09-20 15:13:24,0.9693506860693482
2024-09-20 15:13:25,1.0340070822489642
2024-09-20 15:13:26,0.9324720574842267
2024-09-20 15:13:27,1.0445881968989408
2024-09-20 15:13:28,1.1428828820671
2024-09-20 15:13:29,1.1357657460551813
2024-09-20 15:13:30,1.0711856588482946
2024-09-20 15:13:31,1.0605664311267804
2024-09-20 15:13:32,1.1633701687062987
2024-09-20 15:13:33,1.0422345536368691
2024-09-20 15:13:34,0.9244466230701256
2024-09-20 15:13:35,0.7792556056659492
2024-09-20 15:13:36,1.0993243029173745
2024-09-20 15:13:37,1.0376290719056303
2024-09-20 15:13:38,0.8828516723955734
2024-09-20 15:13:39,0.9143112499279906
2024-09-20 15:13:40,0.7580881646969255
2024-09-20 15:13:41,0.9292986090231746
2024-09-20 15:13:42,0.8952898219883922
2024-09-20 15:13:43,1.2384463689911216
2024-09-20 15:13:44,0.9825903985288816
2024-09-20 15:13:45,0.9805008973458347
2024-09-20 15:13:46,0.9464631854889176
2024-09-20 15:13:47,0.8969837083305967
2024-09-20 15:13:48,0.890880711743416
2024-09-20 15:13:49,1.0042830266708658
2024-09-20 15:13:50,0.9404874423539654
2024-09-20 15:13:51,0.8896908133350068
2024-09-20 15:13:52,1.1372538549858282
2024-09-20 15:13:53,1.1199979280741403
2024-09-20 15:13:54,0.8671443766091331
2024-09-20 15:13:55,1.021509963919875
2024-09-20 15:13:56,0.8262091789596808
2024-09-20 15:13:57,0.9507247273876361
2024-09-20 15:13:58,1.0097712492728257
2024-09-20 15:13:59,0.9278275401365946
2024-09-20 15:14:00,0.9623419849187308
2024-09-20 15:14:01,0.9748752394336323
2024-09-20 15:14:02,1.1066953736701008
2024-09-20 15:14:03,0.938816683748527
2024-09-20 15:14:04,0.9656940374508605
2024-09-20 15:14:05,0.9562606612616776
2024-09-20 15:14:06,0.9075681367815922
2024-09-20 15:14:07,0.8359649723664249
2024-09-20 15:14:08,1.1178363536700706
2024-09-20 15:14:09,1.0961009656613727
2024-09-20 15:14:10,1.1881987926038904
2024-09-20 15:14:11,1.006678397580027
2024-09-20 15:14:12,1.2411735169575209
2024-09-20 15:14:13,0.9480896951324915
2024-09-20 15:14:14,0.9361564737412071
2024-09-20 15:14:15,1.0454968003767178
2024-09-20 15:14:16,1.1128616847874806
2024-09-20 15:14:17,0.8594114244792745
